{
  "timestamp": "2026-06-17 01:41:10",
  "hybrid_keygen_ms": 0.005950052000116557,
  "hybrid_encrypt_ms": 0.011805233999439224,
  "mlkem768_keygen_ms": 0.7805611960002352,
  "mlkem768_encap_ms": 0.002502429000742268,
  "mldsa65_sign_ms": 0.0027761390001614927,
  "version": "2026.6.17.1",
  "new_features": [
    "HybridCryptosystem",
    "CryptoAgilityFramework",
    "OptimizedMLKEM",
    "OptimizedMLDSA"
  ],
  "fips_compliant": true
}